n,temps_philo,temps_reader_writer
2,1.465466123,.003055655
4,2.817619428,.004253050
8,4.188749180,.018217364
16,3.875962629,.008976744
32,5.774976388,.016858632
64,7.395316103,.030006903
